,REGION,NUMBER OF SITES,SSE
1,4,121,13.7668215427775
2,5,295,44.8633191864757
3,7,252,41.9942849183242
4,9,40,15.038791700325
