,REGION,SSE
1,4,19.2369350740558
2,5,53.980845407694
3,7,51.254916629371
4,9,30.4313745001502
