EigenValue Spread, Normal PPCC, SWilks W, P-Value,  Mean Exp Weighted Error
78.3408604861191,0.957517568777932,0.92737439186162,5.24419489927663e-18,1.08253301929953
