MOBS,NPARM,DF,SSE,MSE,RMSE,RSQ,RSQ-ADJUST,RSQ-YIELD,PERCENT BIAS
708,13,695,115.663217347902,0.166421895464608,0.407948398041478,0.953366320249094,0.952561134411668,0.848861046591768,-1.81155375788728
