MOBS,NPARM,DF,SSE,MSE,RMSE,RSQ,RSQ-ADJUST,RSQ-YIELD,PERCENT BIAS
708,13,695,154.904071611271,0.22288355627521,0.472105450376513,0.937544994568989,0.936466634762986,0.797584402381093,-4.6769576473256
