Min.,1st Qu.,Median,Mean,3rd Qu.,Max.
0.28300723663829,5.07522366715268,10.8945621870215,14.0197045216204,20.3501342268129,72.7702643630678
