,REGION,SSE
1,4,18.958140102984
2,5,54.1178239808116
3,7,50.9322371812774
4,9,29.776933676195
