,REGION,NUMBER OF SITES,SSE
1,4,121,13.630713695449
2,5,295,45.3919663091758
3,7,252,41.9666297530322
4,9,40,14.9316569639269
