EigenValue Spread, Normal PPCC, SWilks W, P-Value,  Mean Exp Weighted Error
52.9627924611655,0.959662626730716,0.925831045182827,3.3541239734889e-18,1.08426708251181
