MOBS,NPARM,DF,SSE,MSE,RMSE,RSQ,RSQ-ADJUST,RSQ-YIELD,PERCENT BIAS
708,13,695,115.920966721584,0.166792757872783,0.408402690824611,0.953262399555689,0.952455419404132,0.848524241413138,-1.88822701858219
