MOBS,NPARM,DF,SSE,MSE,RMSE,RSQ,RSQ-ADJUST,RSQ-YIELD,PERCENT BIAS
708,13,695,153.785134941268,0.221273575455062,0.47039725281411,0.937996133103148,0.936925562739462,0.799046534605252,-4.9207102829722
