Min.,1st Qu.,Median,Mean,3rd Qu.,Max.
0.300588094448848,5.13182400025189,10.8736125584002,13.9996654069757,20.2555007891749,73.5908515062851
