,REGION,NUMBER OF SITES,SSE
1,4,121,20.3435253063873
2,5,295,58.2040781057522
3,7,252,50.1908416424214
4,9,40,67.8099298785461
