,REGION,SSE
1,4,27.6101885606858
2,5,68.2171228316615
3,7,72.1866135352191
4,9,161.996822117632
