EigenValue Spread, Normal PPCC, SWilks W, P-Value,  Mean Exp Weighted Error
6.71707823479288,0.935864418203073,0.893537253473101,1.0291321451701e-21,1.11302762514198
