MOBS,NPARM,DF,SSE,MSE,RMSE,RSQ,RSQ-ADJUST,RSQ-YIELD,PERCENT BIAS
708,4,704,196.548374933107,0.279188032575436,0.528382468081064,0.920754634166695,0.920416940846383,0.743167133314944,-2.68373283410157
