MOBS,NPARM,DF,SSE,MSE,RMSE,RSQ,RSQ-ADJUST,RSQ-YIELD,PERCENT BIAS
708,4,704,330.010747045198,0.468765265689202,0.684664345273801,0.866944601361271,0.86637760392389,0.568769743177264,-9.07059873218507
