,point,ndep,MANC_N,FARM_N
point,0.0214149235021363,-0.000743111597814885,0.000145579670892922,-0.000285145202124382
ndep,-0.000743111597814886,0.000848287670979065,-0.00026888476524663,-8.85566242604178e-05
MANC_N,0.000145579670892931,-0.00026888476524663,0.00391008219516693,-0.00069652345038996
FARM_N,-0.000285145202124381,-8.85566242604179e-05,-0.00069652345038996,0.000268127510605407
