,point,ndep,MANC_N,FARM_N
point,1,-0.174350901888317,0.0159092433932546,-0.118997302537968
ndep,-0.174350901888317,1,-0.147639197273536,-0.185685840382684
MANC_N,0.0159092433932546,-0.147639197273536,1,-0.680255577394277
FARM_N,-0.118997302537968,-0.185685840382684,-0.680255577394277,1
