Min.,1st Qu.,Median,Mean,3rd Qu.,Max.
0.718657223280793,5.17967387711682,11.3843176990361,13.0098898375017,18.5623736941855,74.0986052541558
