,REGION,NUMBER OF SITES,SSE
1,4,121,25.5216463792659
2,5,295,57.7835143989614
3,7,252,57.7739736836578
4,9,40,94.3884199385122
