,REGION,SSE
1,4,37.4157604377722
2,5,71.920308506105
3,7,82.6421743710418
4,9,210.923667397477
