EigenValue Spread, Normal PPCC, SWilks W, P-Value,  Mean Exp Weighted Error
6.6986295969694,0.923783678328288,0.878949052783983,4.82862895728306e-23,1.13772993248508
