MOBS,NPARM,DF,SSE,MSE,RMSE,RSQ,RSQ-ADJUST,RSQ-YIELD,PERCENT BIAS
708,6,702,402.901910712396,0.573934345744154,0.757584546928034,0.837555974094379,0.836398965362857,0.473521708045824,-0.0897291401336594
