MOBS,NPARM,DF,SSE,MSE,RMSE,RSQ,RSQ-ADJUST,RSQ-YIELD,PERCENT BIAS
708,6,702,235.467554400397,0.335423866667233,0.579157894418467,0.905063002954445,0.904386813516798,0.692310826642267,-1.38435647746007
