Min.,1st Qu.,Median,Mean,3rd Qu.,Max.
0.798918760884553,5.16739983659329,11.5935089635166,12.583853931427,17.720866301532,60.5318174161093
