,REGION,SSE
1,4,38.6192840649197
2,5,73.9163807830946
3,7,84.4487215428137
4,9,211.623504243194
