,REGION,NUMBER OF SITES,SSE
1,4,121,26.0528721614285
2,5,295,59.6578002882303
3,7,252,58.5670379717632
4,9,40,94.7745932437457
