EigenValue Spread, Normal PPCC, SWilks W, P-Value,  Mean Exp Weighted Error
6.01920572199044,0.942300531576287,0.881280365212118,7.72222392039389e-23,1.14184987876806
