MOBS,NPARM,DF,SSE,MSE,RMSE,RSQ,RSQ-ADJUST,RSQ-YIELD,PERCENT BIAS
708,4,704,239.052303665168,0.339562931342568,0.582720285679646,0.903617685652767,0.903206965563219,0.687626578144505,-1.45612437775939
