MOBS,NPARM,DF,SSE,MSE,RMSE,RSQ,RSQ-ADJUST,RSQ-YIELD,PERCENT BIAS
708,4,704,408.607890634022,0.580408935559691,0.761845742627529,0.8352554083101,0.834553371697785,0.466065613936588,-0.488418325616617
