Min.,1st Qu.,Median,Mean,3rd Qu.,Max.
0.128217581801854,4.62729257808856,10.3270954135924,14.6338341810767,21.6089477794831,99.4497045024526
