,urban,crops,pasture,forest
urban,86636.8627017563,-9794.26026808941,-12561.4558542482,-3961.9166147226
crops,-9794.26026808941,10504.4192918767,-2282.18649017072,488.160947389865
pasture,-12561.4558542482,-2282.18649017072,20436.0326406295,-986.880694353463
forest,-3961.9166147226,488.160947389865,-986.880694353463,923.948256503048
