,urban,crops,pasture,forest
urban,1,-0.324664091662573,-0.29853161056841,-0.442822976813127
crops,-0.324664091662573,1,-0.155763899835169,0.156694294616824
pasture,-0.29853161056841,-0.155763899835169,1,-0.227113282515833
forest,-0.442822976813127,0.156694294616824,-0.227113282515833,1
