Min.,1st Qu.,Median,Mean,3rd Qu.,Max.
0.799610873243166,5.28170017388718,11.6215217520185,12.6030450943206,17.7166061704176,60.5318174161093
