,REGION,SSE
1,4,19.3181561113442
2,5,54.1213328045155
3,7,51.3292752807199
4,9,30.7065179258344
