,REGION,NUMBER OF SITES,SSE
1,4,121,13.7620315438597
2,5,295,44.8002860050626
3,7,252,42.000434866239
4,9,40,15.1245884048417
