EigenValue Spread, Normal PPCC, SWilks W, P-Value,  Mean Exp Weighted Error
82.3076364411952,0.963765428433181,0.927995993454252,6.29067602721924e-18,1.08161756700851
