huc2, Number Stations, Moran's P-Value, Moran's Standard Deviate
4,121,0.951936814524521,0.0602747467724696
5,295,0.223531517229682,-1.21719109576066
7,252,0.343822533428495,-0.946639451765899
9,40,0.24960041914961,1.15132046923372
Total Area,708,0.286438789787082,1.06596649106484
