MOBS,NPARM,DF,SSE,MSE,RMSE,RSQ,RSQ-ADJUST,RSQ-YIELD,PERCENT BIAS
708,13,695,115.687340820003,0.166456605496407,0.407990938007705,0.953356594025855,0.95255124025364,0.848829524069661,-1.87796093959881
