MOBS,NPARM,DF,SSE,MSE,RMSE,RSQ,RSQ-ADJUST,RSQ-YIELD,PERCENT BIAS
708,13,695,155.475282122414,0.223705441902754,0.472975096493202,0.937314691032067,0.936232354762117,0.79683799258194,-4.92010021043619
