Min.,1st Qu.,Median,Mean,3rd Qu.,Max.
0.285943183481378,5.09599745335351,10.9408182551232,14.0304231879248,20.2583123402648,73.5928166202622
