,REGION,SSE
1,4,37.6807030291788
2,5,70.6321869623394
3,7,82.3159824115848
4,9,211.741857784906
