,REGION,NUMBER OF SITES,SSE
1,4,121,25.6944417758834
2,5,295,56.8596850640951
3,7,252,57.6340047328069
4,9,40,94.6892783159716
