EigenValue Spread, Normal PPCC, SWilks W, P-Value,  Mean Exp Weighted Error
6.62006522327783,0.940941979246626,0.877824455639825,3.85936700121482e-23,1.14357919202676
