MOBS,NPARM,DF,SSE,MSE,RMSE,RSQ,RSQ-ADJUST,RSQ-YIELD,PERCENT BIAS
708,6,702,402.370730188009,0.573177678330497,0.757084987521545,0.8377701381392,0.836614654792613,0.47421581002887,-0.41289160342741
