MOBS,NPARM,DF,SSE,MSE,RMSE,RSQ,RSQ-ADJUST,RSQ-YIELD,PERCENT BIAS
708,6,702,234.877409888757,0.334583204969739,0.578431677010984,0.905300940397252,0.904626445670736,0.693081977798997,-1.43245100345303
