,urban,crops,pasture,forest,shrubgrass,barren
urban,1,-0.325092635920546,-0.290799420868983,-0.344180491644691,0.093221097327096,-0.0816549105713229
crops,-0.325092635920546,1,-0.155294206351164,0.11235731955661,-0.0450792332482094,0.0414696382886941
pasture,-0.290799420868983,-0.155294206351164,1,-0.25677409153751,-0.0170636304242062,0.0754843178501211
forest,-0.344180491644691,0.11235731955661,-0.25677409153751,1,0.021204529888361,-0.429747652285439
shrubgrass,0.093221097327096,-0.0450792332482094,-0.0170636304242062,0.021204529888361,1,-0.176223905803873
barren,-0.0816549105713229,0.0414696382886941,0.0754843178501211,-0.429747652285439,-0.176223905803873,1
