Min.,1st Qu.,Median,Mean,3rd Qu.,Max.
0.798621671898346,5.46490643291535,11.5962859048993,12.612710135517,17.7081172219121,60.5318174161093
