,REGION,SSE
1,4,25.7652596418723
2,5,61.3991408266337
3,7,63.3802244705987
4,9,65.2230865383754
