,REGION,NUMBER OF SITES,SSE
1,4,121,20.8841954801464
2,5,295,51.0601562062007
3,7,252,47.3723417982687
4,9,40,30.9152844539933
