EigenValue Spread, Normal PPCC, SWilks W, P-Value,  Mean Exp Weighted Error
10.9570717821953,0.974137042087336,0.937785781016206,1.29784050857065e-16,1.12338299555859
