MOBS,NPARM,DF,SSE,MSE,RMSE,RSQ,RSQ-ADJUST,RSQ-YIELD,PERCENT BIAS
708,8,700,215.76771147748,0.308239587824972,0.555193288706709,0.913005685054037,0.912135741904578,0.718052922616656,14.5771101209036
