MOBS,NPARM,DF,SSE,MSE,RMSE,RSQ,RSQ-ADJUST,RSQ-YIELD,PERCENT BIAS
708,8,700,150.231977938609,0.21461711134087,0.463267861329566,0.939428712877134,0.938823000005905,0.803689500995005,2.43220668543808
