Min.,1st Qu.,Median,Mean,3rd Qu.,Max.
0.356796870386872,5.07345361718374,11.4977495095337,13.0685199037813,19.3247370036266,71.7008480379703
