,REGION,NUMBER OF SITES,SSE
1,4,121,25.7259115457258
2,5,295,56.9361764014809
3,7,252,57.4775239574794
4,9,40,94.7087220031847
