,REGION,SSE
1,4,37.7601520742981
2,5,70.7255298632717
3,7,81.9704281357507
4,9,211.789089895681
