EigenValue Spread, Normal PPCC, SWilks W, P-Value,  Mean Exp Weighted Error
6.56448835410866,0.936982195482451,0.877520642340732,3.63366114622082e-23,1.13150384619511
