MOBS,NPARM,DF,SSE,MSE,RMSE,RSQ,RSQ-ADJUST,RSQ-YIELD,PERCENT BIAS
708,5,703,402.245199969001,0.572183783739689,0.756428307071919,0.837820750046481,0.836897966262962,0.474379842349231,-0.475308830359566
