MOBS,NPARM,DF,SSE,MSE,RMSE,RSQ,RSQ-ADJUST,RSQ-YIELD,PERCENT BIAS
708,5,703,234.848333907871,0.334065908830542,0.57798434998756,0.905312663397979,0.90477390188104,0.693119971842577,-1.4360951360486
