,urban,crops,pasture,forest,barren
urban,1,-0.324757600381876,-0.298597856556034,-0.346522038059797,-0.0837905222056982
crops,-0.324757600381876,1,-0.151780199498358,0.11729281234535,0.0290170847655824
pasture,-0.298597856556034,-0.151780199498358,1,-0.255960959412787,0.0878585615982477
forest,-0.346522038059797,0.11729281234535,-0.255960959412787,1,-0.428357666658376
barren,-0.0837905222056982,0.0290170847655824,0.0878585615982477,-0.428357666658376,1
