Min.,1st Qu.,Median,Mean,3rd Qu.,Max.
0.798394739903186,5.46647865600722,11.610611849311,12.6173942839691,17.7299383790145,60.5317019609402
