,REGION,NUMBER OF SITES,SSE
1,4,121,25.6808367591185
2,5,295,57.0453552096538
3,7,252,57.6100264662564
4,9,40,94.5041778026296
