,REGION,SSE
1,4,37.6757075060861
2,5,70.9323837109776
3,7,82.2258182416071
4,9,211.352238269355
