EigenValue Spread, Normal PPCC, SWilks W, P-Value,  Mean Exp Weighted Error
6.52849424130864,0.937594243779614,0.878004581372682,3.99996390597062e-23,1.13244812180172
