MOBS,NPARM,DF,SSE,MSE,RMSE,RSQ,RSQ-ADJUST,RSQ-YIELD,PERCENT BIAS
708,5,703,234.840396237658,0.334054617692259,0.577974582219893,0.905315863747919,0.904777120440652,0.693130344121646,-1.41150956844945
