MOBS,NPARM,DF,SSE,MSE,RMSE,RSQ,RSQ-ADJUST,RSQ-YIELD,PERCENT BIAS
708,5,703,402.186147728026,0.572099783396908,0.756372780708632,0.837844559027048,0.836921910714258,0.474457006845447,-0.285972094198584
