,urban,crops,pasture,forest,barren
urban,1,-0.322405060532491,-0.296467322299112,-0.343383190051485,-0.0800735694713542
crops,-0.322405060532491,1,-0.155047451095346,0.113593259369134,0.0354083865792161
pasture,-0.296467322299112,-0.155047451095346,1,-0.252243768202035,0.0700810846443228
forest,-0.343383190051485,0.113593259369134,-0.252243768202035,1,-0.41580056708352
barren,-0.0800735694713542,0.0354083865792161,0.0700810846443228,-0.41580056708352,1
