,urban,crops,pasture,forest,barren
urban,80536.2157198199,-9269.74931281512,-11877.8639468326,-3120.1116420929,-70424.6771658203
crops,-9269.74931281512,10264.5770737757,-2217.69116962024,368.48395730042,11117.7456695585
pasture,-11877.8639468326,-2217.69116962024,19931.1249726781,-1140.202123099,30662.445383135
forest,-3120.1116420929,368.48395730042,-1140.202123099,1025.15842977997,-41259.184296354
barren,-70424.6771658202,11117.7456695585,30662.4453831351,-41259.184296354,9604618.81555147
