Min.,1st Qu.,Median,Mean,3rd Qu.,Max.
0.798500582707865,5.46564604328123,11.5863169938799,12.6047606915009,17.6915498772639,60.5317019609402
