,REGION,NUMBER OF SITES,SSE
1,4,121,64.9253400020733
2,5,295,141.056403916515
3,7,252,146.455033128791
4,9,40,80.2787302232054
