,REGION,SSE
1,4,97.2692699999051
2,5,231.879322695079
3,7,261.148448848753
4,9,179.052720871844
