EigenValue Spread, Normal PPCC, SWilks W, P-Value,  Mean Exp Weighted Error
1,0.980332603257826,0.958725758486185,3.25948260046295e-13,1.33834942875245
