MOBS,NPARM,DF,SSE,MSE,RMSE,RSQ,RSQ-ADJUST,RSQ-YIELD,PERCENT BIAS
708,1,707,432.715507270585,0.612044564739159,0.782332771101377,0.825535577757526,0.825535577757526,0.434563810414579,0.576247498360157
