MOBS,NPARM,DF,SSE,MSE,RMSE,RSQ,RSQ-ADJUST,RSQ-YIELD,PERCENT BIAS
708,1,707,769.349762415581,1.08818919719318,1.04316307315452,0.689809679692654,0.689809679692654,-0.0053214890833333,15.6734896965276
