Min.,1st Qu.,Median,Mean,3rd Qu.,Max.
0.660320238181983,8.69117190300049,8.6911768018883,11.4165050098229,13.2084154877282,60.5317019609402
